{"cameraMode":{"drawMode":0,"name":"Shaded","section":"Shading Mode"},"sceneLighting":false,"audioPlay":false,"sceneViewState":{"m_AlwaysRefresh":false,"showFog":true,"showSkybox":false,"showFlares":true,"showImageEffects":true,"showParticleSystems":true,"showVisualEffectGraphs":true,"m_FxEnabled":true},"in2DMode":false,"pivot":{"x":-16.205501556396486,"y":5.543922424316406,"z":14.835123062133789},"rotation":{"x":-0.0035834722220897676,"y":-0.9962594509124756,"z":0.07066566497087479,"w":-0.05151950195431709},"size":0.7137169241905212,"orthographic":false}